session,epoch,time,train/loss,metrics/accuracy_top1,metrics/accuracy_top5,val/loss,lr/pg0,lr/pg1,lr/pg2
1,1,27.255,3.10977,0.54993,0.82743,1.80256,8.66705e-05,8.66705e-05,8.66705e-05
1,2,51.0513,1.25968,0.81316,0.98527,0.53361,0.000170022,0.000170022,0.000170022
1,3,77.4159,0.6079,0.86148,0.99264,0.36254,0.000249035,0.000249035,0.000249035
1,4,103.244,0.43171,0.90244,0.9954,0.25873,0.000243472,0.000243472,0.000243472
1,5,127.951,0.34604,0.91624,0.99632,0.23755,0.000236963,0.000236963,0.000236963
1,6,153.903,0.29934,0.93189,0.99816,0.19584,0.000230454,0.000230454,0.000230454
1,7,179.017,0.26211,0.93971,0.99862,0.17109,0.000223945,0.000223945,0.000223945
1,8,204.174,0.24756,0.93557,0.99862,0.18491,0.000217435,0.000217435,0.000217435
1,9,230.35,0.21467,0.93695,0.99678,0.19356,0.000210926,0.000210926,0.000210926
1,10,254.1,0.20337,0.94432,0.99908,0.17512,0.000204417,0.000204417,0.000204417
1,11,280.428,0.18298,0.94846,0.99908,0.15179,0.000197907,0.000197907,0.000197907
1,12,306.796,0.18287,0.95122,0.99908,0.13552,0.000191398,0.000191398,0.000191398
1,13,331.31,0.16019,0.95352,0.99908,0.1555,0.000184889,0.000184889,0.000184889
1,14,357.763,0.166,0.95214,0.99862,0.13602,0.00017838,0.00017838,0.00017838
1,15,383.864,0.15642,0.95352,0.99862,0.14283,0.000171871,0.000171871,0.000171871
1,16,407.515,0.15538,0.95628,0.99908,0.12967,0.000165361,0.000165361,0.000165361
1,17,433.886,0.14101,0.95536,0.99862,0.12943,0.000158852,0.000158852,0.000158852
1,18,458.771,0.14219,0.95214,0.99908,0.14047,0.000152343,0.000152343,0.000152343
1,19,483.266,0.13125,0.95996,0.99908,0.13186,0.000145834,0.000145834,0.000145834
1,20,509.646,0.12469,0.9572,0.99908,0.12164,0.000139324,0.000139324,0.000139324
1,21,534.162,0.12657,0.96134,0.99908,0.11951,0.000132815,0.000132815,0.000132815
1,22,560.028,0.11068,0.96134,0.99908,0.12926,0.000126306,0.000126306,0.000126306
1,23,586.456,0.11066,0.9595,0.99908,0.12681,0.000119796,0.000119796,0.000119796
1,24,610.524,0.11526,0.95812,0.99908,0.13197,0.000113287,0.000113287,0.000113287
1,25,636.667,0.10916,0.96457,0.99816,0.10962,0.000106778,0.000106778,0.000106778
1,26,663.253,0.09692,0.96641,0.99954,0.1099,0.000100269,0.000100269,0.000100269
1,27,687.706,0.10077,0.96457,0.99908,0.11607,9.37595e-05,9.37595e-05,9.37595e-05
1,28,713.543,0.09862,0.96457,0.99862,0.11431,8.72502e-05,8.72502e-05,8.72502e-05
1,29,739.583,0.09316,0.9618,0.99862,0.11741,8.0741e-05,8.0741e-05,8.0741e-05
1,30,763.207,0.08906,0.96272,0.99862,0.12094,7.42317e-05,7.42317e-05,7.42317e-05
1,31,790.129,0.09964,0.96641,0.99862,0.12742,6.77225e-05,6.77225e-05,6.77225e-05
1,32,815.821,0.09082,0.96364,0.99862,0.11848,6.12132e-05,6.12132e-05,6.12132e-05
1,33,839.84,0.0884,0.96088,0.99862,0.12548,5.4704e-05,5.4704e-05,5.4704e-05
1,34,866.028,0.08204,0.96088,0.99908,0.12278,4.81948e-05,4.81948e-05,4.81948e-05
1,35,890.545,0.08349,0.9618,0.99908,0.11935,4.16855e-05,4.16855e-05,4.16855e-05
1,36,915.374,0.0822,0.96042,0.99908,0.11375,3.51763e-05,3.51763e-05,3.51763e-05
