session,epoch,time,train/box_loss,train/cls_loss,train/dfl_loss,metrics/precision(B),metrics/recall(B),metrics/mAP50(B),metrics/mAP50-95(B),val/box_loss,val/cls_loss,val/dfl_loss,lr/pg0,lr/pg1,lr/pg2
1,1,844.917,1.58694,8.86016,0.98205,0.39176,0.2058,0.15823,0.10203,1.31401,6.41317,0.94356,6.16189e-05,6.16189e-05,6.16189e-05
1,2,1672.21,1.4226,5.79821,0.95768,0.29927,0.38876,0.33032,0.22024,1.21635,3.96042,0.93041,0.000120234,0.000120234,0.000120234
1,3,2494.22,1.34591,3.79857,0.94772,0.46682,0.42931,0.44227,0.29304,1.19935,2.79661,0.93332,0.000175797,0.000175797,0.000175797
1,4,3323.26,1.28513,2.70582,0.94013,0.53364,0.51719,0.52302,0.3583,1.12636,2.00813,0.92156,0.000171264,0.000171264,0.000171264
1,5,4165.65,1.24571,2.11316,0.92743,0.55734,0.57198,0.56929,0.39068,1.12175,1.69124,0.91488,0.000166685,0.000166685,0.000166685
1,6,4984.74,1.20419,1.74279,0.91796,0.58583,0.57547,0.59049,0.41347,1.08662,1.43586,0.90951,0.000162106,0.000162106,0.000162106
1,7,5804.81,1.19636,1.52639,0.91508,0.60682,0.60655,0.61874,0.42312,1.08808,1.30191,0.90415,0.000157528,0.000157528,0.000157528
1,8,6631.94,1.18212,1.38575,0.91449,0.63189,0.6169,0.63998,0.43973,1.08713,1.18875,0.91257,0.000152949,0.000152949,0.000152949
1,9,7417.62,1.16471,1.27363,0.9113,0.63232,0.63476,0.64953,0.44551,1.0755,1.12624,0.90304,0.00014837,0.00014837,0.00014837
1,10,8202.1,1.146,1.17418,0.90944,0.65194,0.63838,0.67104,0.4644,1.05336,1.06544,0.90052,0.000143791,0.000143791,0.000143791
1,11,9008.56,1.1477,1.1348,0.9042,0.68091,0.63116,0.67887,0.4663,1.08588,1.03198,0.90755,0.000139212,0.000139212,0.000139212
1,12,9800.06,1.12354,1.06681,0.90218,0.63952,0.65709,0.68721,0.47472,1.05226,0.99996,0.90073,0.000134634,0.000134634,0.000134634
1,13,10594.0,1.11657,1.01918,0.89975,0.72482,0.65948,0.71065,0.49841,1.03566,0.95107,0.89332,0.000130055,0.000130055,0.000130055
1,14,11401.2,1.10472,0.98232,0.89456,0.70516,0.65733,0.71257,0.50184,1.03554,0.90661,0.8968,0.000125476,0.000125476,0.000125476
1,15,12297.5,1.09608,0.93728,0.89525,0.70143,0.67857,0.71413,0.49821,1.03171,0.91854,0.89184,0.000120897,0.000120897,0.000120897
1,16,13262.9,1.09424,0.90737,0.89391,0.68393,0.68814,0.71685,0.50241,1.02428,0.90804,0.89487,0.000116319,0.000116319,0.000116319
1,17,14239.8,1.08157,0.87481,0.8876,0.69804,0.69053,0.7234,0.50892,1.02574,0.8681,0.89525,0.00011174,0.00011174,0.00011174
2,18,800.974,1.07629,0.85441,0.89042,0.71469,0.6741,0.7258,0.5062,1.02326,0.86539,0.89309,0.000107161,0.000107161,0.000107161
2,19,1575.57,1.06996,0.83876,0.88866,0.69674,0.69929,0.72959,0.51038,1.02,0.86408,0.89298,0.000102582,0.000102582,0.000102582
2,20,2361.67,1.06662,0.81746,0.88562,0.7322,0.67747,0.72867,0.51248,1.00963,0.84875,0.88995,9.80038e-05,9.80038e-05,9.80038e-05
2,21,3140.28,1.0531,0.79188,0.88435,0.69192,0.69629,0.73077,0.51157,1.01112,0.83472,0.89045,9.3425e-05,9.3425e-05,9.3425e-05
2,22,3924.94,1.05132,0.7808,0.88075,0.73431,0.69038,0.74071,0.52357,1.00923,0.82465,0.88956,8.88462e-05,8.88462e-05,8.88462e-05
2,23,4709.07,1.03169,0.75144,0.87744,0.71543,0.70498,0.73733,0.51816,1.01207,0.8121,0.88793,8.42675e-05,8.42675e-05,8.42675e-05
2,24,5493.92,1.03281,0.74506,0.87548,0.71837,0.70968,0.7434,0.52183,1.00384,0.80933,0.88822,7.96887e-05,7.96887e-05,7.96887e-05
2,25,6279.36,1.031,0.73041,0.87699,0.72582,0.69919,0.73776,0.51683,1.01572,0.82684,0.89309,7.511e-05,7.511e-05,7.511e-05
2,26,7065.01,1.01675,0.71991,0.87412,0.70519,0.70855,0.73928,0.52138,1.00616,0.82038,0.88831,7.05312e-05,7.05312e-05,7.05312e-05
2,27,7859.28,1.0129,0.69789,0.87607,0.71679,0.70409,0.74222,0.52211,1.00002,0.81,0.88751,6.59525e-05,6.59525e-05,6.59525e-05
3,28,798.759,0.99392,0.67794,0.87057,0.73573,0.69353,0.74624,0.52363,1.00086,0.79889,0.88625,6.13737e-05,6.13737e-05,6.13737e-05
3,29,1579.1,0.98951,0.66684,0.8687,0.739,0.68873,0.74234,0.52496,1.00217,0.7996,0.88765,5.6795e-05,5.6795e-05,5.6795e-05
3,30,2379.22,0.98409,0.65741,0.86531,0.72427,0.71034,0.744,0.52819,0.99983,0.79996,0.88505,5.22163e-05,5.22163e-05,5.22163e-05
3,31,3129.8,1.00012,0.67126,0.88248,0.73253,0.67708,0.73711,0.51895,1.00586,0.80147,0.88927,4.76375e-05,4.76375e-05,4.76375e-05
3,32,3868.53,0.98975,0.65196,0.8776,0.69684,0.69642,0.73458,0.51758,1.00625,0.80584,0.88879,4.30587e-05,4.30587e-05,4.30587e-05
4,33,704.511,0.97845,0.6324,0.87661,0.71155,0.70303,0.73455,0.5211,1.00276,0.81085,0.88685,3.848e-05,3.848e-05,3.848e-05
4,34,1354.0,0.9691,0.62134,0.87308,0.71737,0.70802,0.74234,0.52528,0.99874,0.7929,0.88695,3.39013e-05,3.39013e-05,3.39013e-05
4,35,2016.92,0.9694,0.61308,0.8742,0.72559,0.70559,0.74562,0.52526,1.00142,0.78662,0.88849,2.93225e-05,2.93225e-05,2.93225e-05
4,36,2703.04,0.96496,0.60535,0.87235,0.68699,0.71827,0.74081,0.52336,1.00104,0.79634,0.88733,2.47438e-05,2.47438e-05,2.47438e-05
5,37,699.08,0.91806,0.56729,0.86357,0.74324,0.68175,0.73507,0.52033,1.00326,0.81203,0.88796,2.0165e-05,2.0165e-05,2.0165e-05
5,38,1383.1,0.91268,0.56086,0.86065,0.72395,0.69943,0.73547,0.52048,1.00348,0.80878,0.88838,1.55862e-05,1.55862e-05,1.55862e-05
5,39,2080.48,0.91455,0.55928,0.86211,0.73225,0.69219,0.7358,0.51978,1.00614,0.80232,0.88946,1.10075e-05,1.10075e-05,1.10075e-05
6,40,691.659,0.87972,0.53823,0.85602,0.72756,0.69496,0.73244,0.51769,1.00541,0.81531,0.88903,6.42875e-06,6.42875e-06,6.42875e-06
